date	time	filename	physio_files	edf_file	edf_filesize	acq_time
2022-11-07	15:56:08.322500	sub-001/ses-pilot001/dwi/sub-001_ses-pilot001_acq-pilotrel_dir-AP_dwi.nii.gz	n/a	n/a	n/a	2022-11-07 15:56:08.322500
2022-11-07	16:17:01.140000	sub-001/ses-pilot001/dwi/sub-001_ses-pilot001_acq-lowres_dir-AP_dwi.nii.gz	n/a	n/a	n/a	2022-11-07 16:17:01.140000
2022-12-21	18:37:56.320000	sub-001/ses-pilot002/dwi/sub-001_ses-pilot002_acq-pilotrel_dir-AP_dwi.nii.gz	n/a	n/a	n/a	2022-12-21 18:37:56.320000
2022-12-21	18:58:27.115000	sub-001/ses-pilot002/dwi/sub-001_ses-pilot002_acq-lowres_dir-AP_dwi.nii.gz	n/a	n/a	n/a	2022-12-21 18:58:27.115000
2022-12-21	19:19:48.335000	sub-001/ses-pilot002/func/sub-001_ses-pilot002_task-qct_echo-1_bold.nii.gz	n/a	n/a	n/a	2022-12-21 19:19:48.335000
2023-01-16	14:07:13.222500	sub-001/ses-pilot004/dwi/sub-001_ses-pilot004_acq-pilotrel_dir-AP_dwi.nii.gz	n/a	n/a	n/a	2023-01-16 14:07:13.222500
2023-01-16	14:44:24.662500	sub-001/ses-pilot004/dwi/sub-001_ses-pilot004_acq-lowres_dir-AP_dwi.nii.gz	n/a	n/a	n/a	2023-01-16 14:44:24.662500
2023-01-16	15:14:21.812500	sub-001/ses-pilot004/func/sub-001_ses-pilot004_task-qct_echo-1_bold.nii.gz	n/a	n/a	n/a	2023-01-16 15:14:21.812500
2023-01-16	15:20:06.142500	sub-001/ses-pilot004/func/sub-001_ses-pilot004_task-pilotrest_echo-1_bold.nii.gz	n/a	resting_state_2023-01-16_15h19.18.291.EDF	27680.9072265625	2023-01-16 15:20:06.142500
2023-01-18	16:50:04.287500	sub-001/ses-pilot005/func/sub-001_ses-pilot005_task-pilotrest_acq-fa80_echo-1_bold.nii.gz	n/a	n/a	n/a	2023-01-18 16:50:04.287500
2023-01-18	17:11:20.987500	sub-001/ses-pilot005/dwi/sub-001_ses-pilot005_acq-pilotrel_dir-PA_dwi.nii.gz	n/a	201983_test_task_2023-01-18_17h06.51.704.EDF	47.6494140625	2023-01-18 17:11:20.987500
2023-01-18	17:32:22.687500	sub-001/ses-pilot005/dwi/sub-001_ses-pilot005_acq-lowres_dir-PA_dwi.nii.gz	n/a	control_task_1_FINAL_2023-01-18_17h31.38.186.EDF	3221.7373046875	2023-01-18 17:32:22.687500
2023-01-24	17:45:42.565000	sub-001/ses-pilot006/dwi/sub-001_ses-pilot006_acq-pilotrel_dir-PA_dwi.nii.gz	n/a	n/a	n/a	2023-01-24 17:45:42.565000
2023-01-24	18:06:58.650000	sub-001/ses-pilot006/dwi/sub-001_ses-pilot006_acq-lowres_dir-PA_dwi.nii.gz	n/a	n/a	n/a	2023-01-24 18:06:58.650000
2023-02-28	14:39:23.730000	sub-001/ses-pilot007/dwi/sub-001_ses-pilot007_acq-pilotrel_dir-PA_dwi.nii.gz	n/a	n/a	n/a	2023-02-28 14:39:23.730000
2023-03-15	16:54:45.362500	sub-001/ses-pilot008/dwi/sub-001_ses-pilot008_acq-pilotrel_dir-PA_dwi.nii.gz	n/a	n/a	n/a	2023-03-15 16:54:45.362500
2023-03-15	17:33:41.605000	sub-001/ses-pilot008/dwi/sub-001_ses-pilot008_acq-lowres_dir-PA_dwi.nii.gz	n/a	n/a	n/a	2023-03-15 17:33:41.605000
2023-03-15	18:17:38.827500	sub-001/ses-pilot008/func/sub-001_ses-pilot008_task-bht_dir-AP_echo-1_bold.nii.gz	n/a	n/a	n/a	2023-03-15 18:17:38.827500
2023-03-30	14:56:59.565000	sub-001/ses-pilot009/dwi/sub-001_ses-pilot009_acq-pilotrel_dir-PA_dwi.nii.gz	n/a	n/a	n/a	2023-03-30 14:56:59.565000
2023-03-30	15:37:17.842500	sub-001/ses-pilot009/func/sub-001_ses-pilot009_task-bht_dir-AP_echo-1_bold.nii.gz	n/a	n/a	n/a	2023-03-30 15:37:17.842500
2023-05-04	16:31:50.357500	sub-001/ses-pilot010/dwi/sub-001_ses-pilot010_acq-pilotrel_dir-PA_dwi.nii.gz	n/a	n/a	n/a	2023-05-04 16:31:50.357500
2023-05-04	17:10:48.425000	sub-001/ses-pilot010/dwi/sub-001_ses-pilot010_acq-lowres_dir-PA_dwi.nii.gz	n/a	n/a	n/a	2023-05-04 17:10:48.425000
2023-05-10	18:29:25.355000	sub-001/ses-pilot011/dwi/sub-001_ses-pilot011_acq-pilotrel_dir-PA_dwi.nii.gz	n/a	n/a	n/a	2023-05-10 18:29:25.355000
2023-05-10	18:54:59.420000	sub-001/ses-pilot011/func/sub-001_ses-pilot011_task-bht_dir-AP_echo-1_bold.nii.gz	n/a	n/a	n/a	2023-05-10 18:54:59.420000
2023-05-10	19:05:16.712500	sub-001/ses-pilot011/func/sub-001_ses-pilot011_task-qct_dir-AP_echo-1_bold.nii.gz	n/a	control_task_1_FINAL_2023-05-10_19h02.10.782.EDF	3644.17578125	2023-05-10 19:05:16.712500
2023-05-10	19:13:44.825000	sub-001/ses-pilot011/dwi/sub-001_ses-pilot011_acq-lowres_dir-PA_dwi.nii.gz	n/a	n/a	n/a	2023-05-10 19:13:44.825000
2023-05-17	16:59:55.372500	sub-001/ses-pilot012/dwi/sub-001_ses-pilot012_acq-pilotrel_dir-PA_dwi.nii.gz	session2023-05-17T16:47:56.acq	resting_state_2023-05-17_16h57.13.559.EDF	27575.1962890625	2023-05-17 16:59:55.372500
2023-05-17	17:26:27.355000	sub-001/ses-pilot012/func/sub-001_ses-pilot012_task-bht_dir-AP_echo-1_bold.nii.gz	n/a	220367_breath_holding_task_2023-05-17_17h26.17.053.EDF	7482.8779296875	2023-05-17 17:26:27.355000
2023-05-17	17:36:32.707500	sub-001/ses-pilot012/func/sub-001_ses-pilot012_task-qct_dir-AP_echo-1_bold.nii.gz	n/a	control_task_1_FINAL_2023-05-17_17h33.24.006.EDF	3651.0888671875	2023-05-17 17:36:32.707500
2023-05-17	18:07:40.677500	sub-001/ses-pilot012/dwi/sub-001_ses-pilot012_acq-lowres_dir-PA_dwi.nii.gz	n/a	resting_state_2023-05-17_18h07.08.454.EDF	27580.5634765625	2023-05-17 18:07:40.677500
2023-05-25	19:45:00.355000	sub-001/ses-pilot013/dwi/sub-001_ses-pilot013_acq-pilotrel_dir-PA_dwi.nii.gz	session2023-05-25T19:18:02.acq	resting_state_2023-05-25_19h42.17.085.EDF	27491.5810546875	2023-05-25 19:45:00.355000
2023-05-25	20:08:12.622500	sub-001/ses-pilot013/dwi/sub-001_ses-pilot013_acq-lowres_dir-PA_dwi.nii.gz	n/a	resting_state_2023-05-25_20h06.10.962.EDF	27665.0087890625	2023-05-25 20:08:12.622500
2023-05-25	20:34:31.337500	sub-001/ses-pilot013/func/sub-001_ses-pilot013_task-qct_dir-AP_echo-1_bold.nii.gz	n/a	control_task_1_FINAL_2023-05-25_20h30.12.724.EDF	4808.94140625	2023-05-25 20:34:31.337500
2023-05-25	20:39:37.207500	sub-001/ses-pilot013/func/sub-001_ses-pilot013_task-pilotrest_dir-AP_echo-1_bold.nii.gz	n/a	resting_state_2023-05-25_20h39.27.061.EDF	27833.0478515625	2023-05-25 20:39:37.207500
2023-05-25	21:01:15.440000	sub-001/ses-pilot013/func/sub-001_ses-pilot013_task-bht_dir-AP_echo-1_bold.nii.gz	n/a	179297_breath_holding_task_2023-05-25_21h01.23.459.EDF	16931.671875	2023-05-25 21:01:15.440000
2023-05-30	18:49:22.365000	sub-001/ses-pilot014/dwi/sub-001_ses-pilot014_acq-pilotrel_dir-PA_dwi.nii.gz	session2023-05-30T18:26:47.acq	resting_state_2023-05-30_18h46.02.496.EDF	27455.7607421875	2023-05-30 18:49:22.365000
2023-05-30	19:13:12.290000	sub-001/ses-pilot014/func/sub-001_ses-pilot014_task-qct_dir-AP_echo-1_bold.nii.gz	n/a	control_task_1_FINAL_2023-05-30_19h11.11.439.EDF	3941.4853515625	2023-05-30 19:13:12.290000
2023-05-30	19:18:59.380000	sub-001/ses-pilot014/func/sub-001_ses-pilot014_task-pilotrest_dir-AP_echo-1_bold.nii.gz	n/a	n/a	n/a	2023-05-30 19:18:59.380000
2023-05-30	19:41:02.432500	sub-001/ses-pilot014/func/sub-001_ses-pilot014_task-bht_dir-AP_run-1_echo-1_bold.nii.gz	n/a	407075_breath_holding_task_2023-05-30_19h40.52.600.EDF	17818.021484375	2023-05-30 19:41:02.432500
2023-05-31	14:04:47.197500	sub-001/ses-pilot014/func/sub-001_ses-pilot014_task-bht_dir-LR_echo-1_bold.nii.gz	n/a	n/a	n/a	2023-05-31 14:04:47.197500
2023-05-31	14:10:49.315000	sub-001/ses-pilot014/func/sub-001_ses-pilot014_task-bht_dir-AP_run-2_echo-1_bold.nii.gz	n/a	n/a	n/a	2023-05-31 14:10:49.315000
2023-06-20	16:57:15.795000	sub-001/ses-pilot015/dwi/sub-001_ses-pilot015_acq-pilotrel_dir-LR_dwi.nii.gz	session2023-06-20T16:31:33.acq	n/a	n/a	2023-06-20 16:57:15.795000
2023-06-20	17:34:06.377500	sub-001/ses-pilot015/func/sub-001_ses-pilot015_task-qct_dir-LR_echo-1_part-mag_bold.nii.gz	n/a	control_task_1_FINAL_2023-06-20_17h30.27.181.EDF	1724.029296875	2023-06-20 17:34:06.377500
2023-06-20	17:43:14.382500	sub-001/ses-pilot015/func/sub-001_ses-pilot015_task-pilotrest_dir-LR_echo-1_part-mag_bold.nii.gz	n/a	resting_state_2023-06-20_17h41.51.034.EDF	13276.330078125	2023-06-20 17:43:14.382500
2023-06-20	18:05:26.482500	sub-001/ses-pilot015/func/sub-001_ses-pilot015_task-bht_dir-LR_echo-1_part-mag_bold.nii.gz	n/a	815248_breath_holding_task_2023-06-20_18h04.46.377.EDF	3658.6259765625	2023-06-20 18:05:26.482500
2023-07-14	17:49:15.320000	sub-001/ses-pilot016/dwi/sub-001_ses-pilot016_acq-pilotrel_dir-RL_dwi.nii.gz	session2023-07-14T17:17:11.acq	n/a	n/a	2023-07-14 17:49:15.320000
2023-07-14	18:30:47.372500	sub-001/ses-pilot016/func/sub-001_ses-pilot016_task-qct_dir-RL_echo-1_part-mag_bold.nii.gz	n/a	control_task_1_FINAL_2023-07-14_18h27.05.674.EDF	2185.14453125	2023-07-14 18:30:47.372500
2023-07-14	18:39:23.372500	sub-001/ses-pilot016/func/sub-001_ses-pilot016_task-pilotrest_dir-RL_echo-1_part-mag_bold.nii.gz	n/a	resting_state_2023-07-14_18h39.18.972.EDF	14123.6279296875	2023-07-14 18:39:23.372500
2023-07-14	19:01:31.237500	sub-001/ses-pilot016/func/sub-001_ses-pilot016_task-bht_dir-RL_echo-1_part-mag_bold.nii.gz	n/a	n/a	n/a	2023-07-14 19:01:31.237500
2023-09-25	18:47:57.615000	sub-001/ses-pilot019/dwi/sub-001_ses-pilot019_acq-pilotrel_dir-PA_dwi.nii.gz	session2023-09-25T17:54:51.acq	n/a	n/a	2023-09-25 18:47:57.615000
2023-09-25	19:25:36.225000	sub-001/ses-pilot019/func/sub-001_ses-pilot019_task-qct_dir-RL_echo-1_part-mag_bold.nii.gz	n/a	n/a	n/a	2023-09-25 19:25:36.225000
2023-09-25	19:32:27.380000	sub-001/ses-pilot019/func/sub-001_ses-pilot019_task-pilotrest_dir-RL_echo-1_part-mag_bold.nii.gz	n/a	n/a	n/a	2023-09-25 19:32:27.380000
2023-09-25	19:53:55.252500	sub-001/ses-pilot019/func/sub-001_ses-pilot019_task-bht_dir-RL_echo-1_part-mag_bold.nii.gz	n/a	n/a	n/a	2023-09-25 19:53:55.252500
2023-10-05	18:05:25.630000	sub-001/ses-pilot020/dwi/sub-001_ses-pilot020_acq-pilotrel_dir-PA_run-1_dwi.nii.gz	session2023-10-05T17:37:53.acq	n/a	n/a	2023-10-05 18:05:25.630000
2023-10-05	18:07:18.905000	sub-001/ses-pilot020/dwi/sub-001_ses-pilot020_acq-pilotrel_dir-PA_run-2_dwi.nii.gz	session2023-10-05T17:29:56.acq,session2023-10-05T17:37:53.acq,session2023-10-05T19:46:40.acq	n/a	n/a	2023-10-05 18:07:18.905000
2023-10-05	18:17:24.762500	sub-001/ses-pilot020/dwi/sub-001_ses-pilot020_acq-pilotrel_dir-PA_run-3_dwi.nii.gz	n/a	fixation_2023-10-05_18h16.38.277_4.EDF	16869.8857421875	2023-10-05 18:17:24.762500
2023-10-05	18:55:33.352500	sub-001/ses-pilot020/func/sub-001_ses-pilot020_task-qct_dir-RL_echo-1_part-mag_bold.nii.gz	n/a	qct_2023-10-05_18h53.24.053_4.EDF	1799.9404296875	2023-10-05 18:55:33.352500
2023-10-05	19:02:23.215000	sub-001/ses-pilot020/func/sub-001_ses-pilot020_task-bht_dir-RL_echo-1_part-mag_bold.nii.gz	n/a	breath_holding_task_2023-10-05_19h01.42.281_1.EDF	3617.5986328125	2023-10-05 19:02:23.215000
2023-10-12	17:28:56.442500	sub-001/ses-pilot021/dwi/sub-001_ses-pilot021_acq-pilotrel_dir-RL_dwi.nii.gz	session2023-10-12T16:47:42.acq	fixation_2023-10-12_17h24.43.540_0.EDF	11236.7109375	2023-10-12 17:28:56.442500
2023-10-12	18:08:24.302500	sub-001/ses-pilot021/func/sub-001_ses-pilot021_task-qct_dir-AP_echo-1_bold.nii.gz	n/a	qct_2023-10-12_18h07.37.632_1.EDF	1878.5478515625	2023-10-12 18:08:24.302500
2023-10-12	18:17:50.195000	sub-001/ses-pilot021/func/sub-001_ses-pilot021_task-pilotrest_dir-RL_echo-1_part-mag_bold.nii.gz	n/a	rest_2023-10-12_18h15.43.133_1.EDF	14564.455078125	2023-10-12 18:17:50.195000
2023-10-12	18:40:02.250000	sub-001/ses-pilot021/func/sub-001_ses-pilot021_task-bht_dir-RL_echo-1_part-mag_bold.nii.gz	n/a	bht_2023-10-12_18h38.56.799_0.EDF	3864.525390625	2023-10-12 18:40:02.250000
2023-10-20	18:54:10.270000	sub-001/ses-001/dwi/sub-001_ses-001_acq-reliability_dir-LR_dwi.nii.gz	session2023-10-20T18:06:05.acq	fixation_2023-10-20_18h48.03.561_5_session_1.EDF	2136.025390625	2023-10-20 18:54:10.270000
2023-10-20	19:42:39.307500	sub-001/ses-001/func/sub-001_ses-001_task-qct_dir-LR_echo-1_part-mag_bold.nii.gz	n/a	qct_2023-10-20_19h40.38.964_2_session_1.EDF	1869.078125	2023-10-20 19:42:39.307500
2023-10-20	19:50:01.187500	sub-001/ses-001/func/sub-001_ses-001_task-rsmovie_dir-LR_echo-1_part-mag_bold.nii.gz	n/a	rest_2023-10-20_19h48.22.344_0_session_1.EDF	14662.4814453125	2023-10-20 19:50:01.187500
2023-10-20	20:12:20.265000	sub-001/ses-001/func/sub-001_ses-001_task-bht_dir-LR_echo-1_part-mag_bold.nii.gz	n/a	bht_2023-10-20_20h10.50.517_0_session_1.EDF	3758.4912109375	2023-10-20 20:12:20.265000
2023-10-21	09:28:21.935000	sub-001/ses-003/dwi/sub-001_ses-003_acq-reliability_dir-LR_dwi.nii.gz	session2023-10-21T09:07:18.acq	fixation_2023-10-21_09h26.29.983_3_session_3.EDF	2994.4482421875	2023-10-21 09:28:21.935000
2023-10-21	10:05:56.382500	sub-001/ses-003/func/sub-001_ses-003_task-qct_dir-LR_echo-1_part-mag_bold.nii.gz	n/a	qct_2023-10-21_10h04.32.961_0_session_3.EDF	1859.8974609375	2023-10-21 10:05:56.382500
2023-10-21	10:12:32.207500	sub-001/ses-003/func/sub-001_ses-003_task-rsmovie_dir-LR_echo-1_part-mag_bold.nii.gz	n/a	rest_2023-10-21_10h11.23.092_0_session_3.EDF	14357.8623046875	2023-10-21 10:12:32.207500
2023-10-21	10:34:21.257500	sub-001/ses-003/func/sub-001_ses-003_task-bht_dir-LR_echo-1_part-mag_bold.nii.gz	n/a	bht_2023-10-21_10h33.23.269_0_session_3.EDF	3732.8642578125	2023-10-21 10:34:21.257500
2023-10-21	11:29:47.890000	sub-001/ses-004/dwi/sub-001_ses-004_acq-reliability_dir-RL_dwi.nii.gz	session2023-10-21T11:12:24.acq	fixation_2023-10-21_11h28.03.360_2_session_4.EDF	3300.6923828125	2023-10-21 11:29:47.890000
2023-10-21	12:15:07.412500	sub-001/ses-004/func/sub-001_ses-004_task-qct_dir-RL_echo-1_part-mag_bold.nii.gz	n/a	qct_2023-10-21_12h14.11.346_3_session_4.EDF	1906.9814453125	2023-10-21 12:15:07.412500
2023-10-21	12:22:08.222500	sub-001/ses-004/func/sub-001_ses-004_task-rsmovie_dir-RL_echo-1_part-mag_bold.nii.gz	n/a	rest_2023-10-21_12h20.30.939_0_session_4.EDF	15080.2783203125	2023-10-21 12:22:08.222500
2023-10-21	12:44:18.352500	sub-001/ses-004/func/sub-001_ses-004_task-bht_dir-RL_echo-1_part-mag_bold.nii.gz	n/a	bht_2023-10-21_12h43.24.654_0_session_4.EDF	3905.2373046875	2023-10-21 12:44:18.352500
2023-10-22	09:48:25.612500	sub-001/ses-005/dwi/sub-001_ses-005_acq-reliability_dir-PA_dwi.nii.gz	session2023-10-22T09:36:48.acq	fixation_2023-10-22_09h46.25.719_2_session_5.EDF	7350.1630859375	2023-10-22 09:48:25.612500
2023-10-22	10:26:48.422500	sub-001/ses-005/func/sub-001_ses-005_task-qct_dir-PA_echo-1_part-mag_bold.nii.gz	n/a	qct_2023-10-22_10h25.10.141_0_session_5.EDF	1833.0546875	2023-10-22 10:26:48.422500
2023-10-22	10:33:53.380000	sub-001/ses-005/func/sub-001_ses-005_task-rsmovie_dir-PA_echo-1_part-mag_bold.nii.gz	n/a	rest_2023-10-22_10h32.38.153_0_session_5.EDF	14654.5830078125	2023-10-22 10:33:53.380000
2023-10-22	10:56:36.275000	sub-001/ses-005/func/sub-001_ses-005_task-bht_dir-PA_echo-1_part-mag_bold.nii.gz	n/a	bht_2023-10-22_10h55.36.134_0_session_5.EDF	3667.4560546875	2023-10-22 10:56:36.275000
2023-10-22	11:34:20.785000	sub-001/ses-006/dwi/sub-001_ses-006_acq-reliability_dir-PA_dwi.nii.gz	session2023-10-22T11:22:53.acq	fixation_2023-10-22_11h32.03.586_0_session_6.EDF	5288.0283203125	2023-10-22 11:34:20.785000
2023-10-22	12:11:57.225000	sub-001/ses-006/func/sub-001_ses-006_task-qct_dir-PA_echo-1_part-mag_bold.nii.gz	n/a	qct_2023-10-22_12h10.47.134_0_session_6.EDF	1822.775390625	2023-10-22 12:11:57.225000
2023-10-22	12:18:06.200000	sub-001/ses-006/func/sub-001_ses-006_task-rsmovie_dir-PA_echo-1_part-mag_bold.nii.gz	n/a	rest_2023-10-22_12h16.56.202_0_session_6.EDF	14530.5234375	2023-10-22 12:18:06.200000
2023-10-22	12:40:11.427500	sub-001/ses-006/func/sub-001_ses-006_task-bht_dir-PA_echo-1_part-mag_bold.nii.gz	n/a	bht_2023-10-22_12h39.19.476_1_session_6.EDF	3802.3857421875	2023-10-22 12:40:11.427500
2023-10-23	19:49:32.890000	sub-001/ses-007/dwi/sub-001_ses-007_acq-reliability_dir-LR_dwi.nii.gz	session2023-10-23T19:31:18.acq	fixation_2023-10-23_19h47.56.955_3_session_7.EDF	10974.181640625	2023-10-23 19:49:32.890000
2023-10-23	20:26:34.260000	sub-001/ses-007/func/sub-001_ses-007_task-qct_dir-LR_echo-1_part-mag_bold.nii.gz	n/a	qct_2023-10-23_20h25.20.999_0_session_7.EDF	1857.71484375	2023-10-23 20:26:34.260000
2023-10-23	20:33:03.240000	sub-001/ses-007/func/sub-001_ses-007_task-rsmovie_dir-LR_echo-1_part-mag_bold.nii.gz	n/a	rest_2023-10-23_20h31.49.334_0_session_7.EDF	14632.166015625	2023-10-23 20:33:03.240000
2023-10-23	20:55:14.257500	sub-001/ses-007/func/sub-001_ses-007_task-bht_dir-LR_echo-1_part-mag_bold.nii.gz	n/a	bht_2023-10-23_20h54.11.318_1_session_7.EDF	3753.3671875	2023-10-23 20:55:14.257500
2023-10-23	21:32:27.015000	sub-001/ses-008/dwi/sub-001_ses-008_acq-reliability_dir-RL_dwi.nii.gz	session2023-10-23T21:18:42.acq	fixation_2023-10-23_21h30.29.785_0_session_8.EDF	14442.48046875	2023-10-23 21:32:27.015000
2023-10-23	22:09:48.045000	sub-001/ses-008/func/sub-001_ses-008_task-qct_dir-RL_echo-1_part-mag_bold.nii.gz	n/a	qct_2023-10-23_22h08.36.963_0_session_8.EDF	1866.2412109375	2023-10-23 22:09:48.045000
2023-10-23	22:16:09.217500	sub-001/ses-008/func/sub-001_ses-008_task-rsmovie_dir-RL_echo-1_part-mag_bold.nii.gz	n/a	rest_2023-10-23_22h15.00.201_0_session_8.EDF	14904.9287109375	2023-10-23 22:16:09.217500
2023-10-23	22:37:53.207500	sub-001/ses-008/func/sub-001_ses-008_task-bht_dir-RL_echo-1_part-mag_bold.nii.gz	n/a	bht_2023-10-23_22h36.54.314_0_session_8.EDF	3716.05859375	2023-10-23 22:37:53.207500
2023-10-24	19:41:33.572500	sub-001/ses-009/dwi/sub-001_ses-009_acq-reliability_dir-AP_dwi.nii.gz	session2023-10-24T19:24:56.acq	fixation_2023-10-24_19h39.27.478_3_session_9.EDF	5546.6796875	2023-10-24 19:41:33.572500
2023-10-24	20:19:17.267500	sub-001/ses-009/func/sub-001_ses-009_task-qct_dir-AP_echo-1_part-mag_bold.nii.gz	n/a	qct_2023-10-24_20h15.40.693_0_session_9.EDF	1965.142578125	2023-10-24 20:19:17.267500
2023-10-24	20:25:28.210000	sub-001/ses-009/func/sub-001_ses-009_task-rsmovie_dir-AP_echo-1_part-mag_bold.nii.gz	n/a	rest_2023-10-24_20h24.27.482_0_session_9.EDF	15362.6494140625	2023-10-24 20:25:28.210000
2023-10-24	20:47:03.320000	sub-001/ses-009/func/sub-001_ses-009_task-bht_dir-AP_echo-1_part-mag_bold.nii.gz	n/a	bht_2023-10-24_20h46.08.308_0_session_9.EDF	3993.6474609375	2023-10-24 20:47:03.320000
2023-10-24	21:37:14.987500	sub-001/ses-010/dwi/sub-001_ses-010_acq-reliability_dir-RL_dwi.nii.gz	session2023-10-24T21:24:40.acq	fixation_2023-10-24_21h26.14.900_1_session_10.EDF	16634.740234375	2023-10-24 21:37:14.987500
2023-10-24	22:14:23.042500	sub-001/ses-010/func/sub-001_ses-010_task-qct_dir-RL_echo-1_part-mag_bold.nii.gz	n/a	qct_2023-10-24_22h10.40.236_0_session_10.EDF	1844.7626953125	2023-10-24 22:14:23.042500
2023-10-24	22:20:31.202500	sub-001/ses-010/func/sub-001_ses-010_task-rsmovie_dir-RL_echo-1_part-mag_bold.nii.gz	n/a	rest_2023-10-24_22h18.14.132_0_session_10.EDF	14375.861328125	2023-10-24 22:20:31.202500
2023-10-24	22:42:00.302500	sub-001/ses-010/func/sub-001_ses-010_task-bht_dir-RL_echo-1_part-mag_bold.nii.gz	n/a	bht_2023-10-24_22h41.05.920_0_session_10.EDF	3721.810546875	2023-10-24 22:42:00.302500
2023-10-25	20:34:37.907500	sub-001/ses-011/dwi/sub-001_ses-011_acq-reliability_dir-AP_run-1_dwi.nii.gz	session2023-10-25T20:20:54.acq,session2023-10-25T21:22:50.acq	n/a	n/a	2023-10-25 20:34:37.907500
2023-10-25	20:38:27.755000	sub-001/ses-011/dwi/sub-001_ses-011_acq-reliability_dir-AP_run-2_dwi.nii.gz	n/a	fixation_2023-10-25_20h37.34.053_7_session_11.EDF	5206.1064453125	2023-10-25 20:38:27.755000
2023-10-25	21:15:54.240000	sub-001/ses-011/func/sub-001_ses-011_task-qct_dir-AP_echo-1_part-mag_bold.nii.gz	n/a	qct_2023-10-25_21h12.18.840_0_session_11.EDF	1832.87109375	2023-10-25 21:15:54.240000
2023-10-25	21:24:52.242500	sub-001/ses-011/func/sub-001_ses-011_task-rsmovie_dir-AP_echo-1_part-mag_bold.nii.gz	n/a	rest_2023-10-25_21h23.26.254_0_session_11.EDF	14517.474609375	2023-10-25 21:24:52.242500
2023-10-25	21:48:37.325000	sub-001/ses-011/func/sub-001_ses-011_task-bht_dir-AP_echo-1_part-mag_bold.nii.gz	n/a	bht_2023-10-25_21h47.06.131_1_session_11.EDF	3703.130859375	2023-10-25 21:48:37.325000
2023-10-26	19:31:49.645000	sub-001/ses-013/dwi/sub-001_ses-013_acq-reliability_dir-PA_dwi.nii.gz	session2023-10-26T19:16:00.acq,session2023-10-26T21:25:29.acq,session2023-10-26T21:44:06.acq	fixation_2023-10-26_19h27.13.413_3_session_13.EDF	3644.70703125	2023-10-26 19:31:49.645000
2023-10-26	20:09:01.375000	sub-001/ses-013/func/sub-001_ses-013_task-qct_dir-PA_echo-1_part-mag_bold.nii.gz	n/a	qct_2023-10-26_20h05.24.294_0_session_13.EDF	1843.03515625	2023-10-26 20:09:01.375000
2023-10-26	20:15:23.232500	sub-001/ses-013/func/sub-001_ses-013_task-rsmovie_dir-PA_echo-1_part-mag_bold.nii.gz	n/a	rest_2023-10-26_20h13.47.119_1_session_13.EDF	14441.822265625	2023-10-26 20:15:23.232500
2023-10-26	20:37:35.302500	sub-001/ses-013/func/sub-001_ses-013_task-bht_dir-PA_echo-1_part-mag_bold.nii.gz	n/a	bht_2023-10-26_20h36.26.995_1_session_13.EDF	3723.1279296875	2023-10-26 20:37:35.302500
2023-10-27	19:25:44.610000	sub-001/ses-015/dwi/sub-001_ses-015_acq-reliability_dir-AP_dwi.nii.gz	session2023-10-27T19:09:15.acq	fixation_2023-10-27_19h24.33.684_1_session_15.EDF	7968.0986328125	2023-10-27 19:25:44.610000
2023-10-27	20:03:08.337500	sub-001/ses-015/func/sub-001_ses-015_task-qct_dir-AP_echo-1_part-mag_bold.nii.gz	n/a	qct_2023-10-27_19h59.03.664_0_session_15.EDF	1853.259765625	2023-10-27 20:03:08.337500
2023-10-27	20:10:56.215000	sub-001/ses-015/func/sub-001_ses-015_task-rsmovie_dir-AP_echo-1_part-mag_bold.nii.gz	n/a	rest_2023-10-27_20h06.19.329_0_session_15.EDF	14563.7138671875	2023-10-27 20:10:56.215000
2023-10-27	20:32:45.210000	sub-001/ses-015/func/sub-001_ses-015_task-bht_dir-AP_echo-1_part-mag_bold.nii.gz	n/a	bht_2023-10-27_20h31.31.806_0_session_15.EDF	3704.3408203125	2023-10-27 20:32:45.210000
2023-10-27	21:16:12.782500	sub-001/ses-016/dwi/sub-001_ses-016_acq-reliability_dir-RL_dwi.nii.gz	session2023-10-27T21:01:57.acq	fixation_2023-10-27_21h14.58.939_0_session_16.EDF	12072.3984375	2023-10-27 21:16:12.782500
2023-10-27	21:54:32.217500	sub-001/ses-016/func/sub-001_ses-016_task-qct_dir-RL_echo-1_part-mag_bold.nii.gz	n/a	qct_2023-10-27_21h50.56.832_0_session_16.EDF	1905.9541015625	2023-10-27 21:54:32.217500
2023-10-27	22:01:07.437500	sub-001/ses-016/func/sub-001_ses-016_task-rsmovie_dir-RL_echo-1_part-mag_bold.nii.gz	n/a	rest_2023-10-27_21h59.57.982_0_session_16.EDF	14782.0126953125	2023-10-27 22:01:07.437500
2023-10-27	22:23:08.222500	sub-001/ses-016/func/sub-001_ses-016_task-bht_dir-RL_echo-1_part-mag_bold.nii.gz	n/a	bht_2023-10-27_22h22.00.459_0_session_16.EDF	3805.3466796875	2023-10-27 22:23:08.222500
2023-10-28	17:34:29.607500	sub-001/ses-017/dwi/sub-001_ses-017_acq-reliability_dir-PA_dwi.nii.gz	session2023-10-28T17:19:04.acq	fixation_2023-10-28_17h33.18.362_0_session_17.EDF	3201.8154296875	2023-10-28 17:34:29.607500
2023-10-28	18:11:56.657500	sub-001/ses-017/func/sub-001_ses-017_task-qct_dir-PA_echo-1_part-mag_bold.nii.gz	n/a	qct_2023-10-28_18h10.17.815_0_session_17.EDF	1824.16015625	2023-10-28 18:11:56.657500
2023-10-28	18:18:40.220000	sub-001/ses-017/func/sub-001_ses-017_task-rsmovie_dir-PA_echo-1_part-mag_bold.nii.gz	n/a	rest_2023-10-28_18h17.25.018_0_session_17.EDF	14331.5791015625	2023-10-28 18:18:40.220000
2023-10-28	18:40:20.317500	sub-001/ses-017/func/sub-001_ses-017_task-bht_dir-PA_echo-1_part-mag_bold.nii.gz	n/a	bht_2023-10-28_18h39.15.707_0_session_17.EDF	3725.33203125	2023-10-28 18:40:20.317500
2023-10-28	19:31:08.242500	sub-001/ses-018/dwi/sub-001_ses-018_acq-reliability_dir-LR_dwi.nii.gz	session2023-10-28T19:18:02.acq	fixation_2023-10-28_19h28.44.805_1_session_18.EDF	6619.7587890625	2023-10-28 19:31:08.242500
2023-10-28	20:09:15.037500	sub-001/ses-018/func/sub-001_ses-018_task-qct_dir-LR_echo-1_part-mag_bold.nii.gz	n/a	qct_2023-10-28_20h04.55.538_0_session_18.EDF	1843.595703125	2023-10-28 20:09:15.037500
2023-10-28	20:16:19.382500	sub-001/ses-018/func/sub-001_ses-018_task-rsmovie_dir-LR_echo-1_part-mag_bold.nii.gz	n/a	rest_2023-10-28_20h15.04.661_1_session_18.EDF	14399.5458984375	2023-10-28 20:16:19.382500
2023-10-28	20:38:10.245000	sub-001/ses-018/func/sub-001_ses-018_task-bht_dir-LR_echo-1_part-mag_bold.nii.gz	n/a	bht_2023-10-28_20h36.56.464_0_session_18.EDF	3730.1396484375	2023-10-28 20:38:10.245000
2023-10-29	17:30:10.565000	sub-001/ses-019/dwi/sub-001_ses-019_acq-reliability_dir-PA_dwi.nii.gz	session2023-10-29T17:15:43.acq	fixation_2023-10-29_17h27.42.762_0_session_19.EDF	3001.580078125	2023-10-29 17:30:10.565000
2023-10-29	18:06:56.375000	sub-001/ses-019/func/sub-001_ses-019_task-qct_dir-PA_echo-1_part-mag_bold.nii.gz	n/a	qct_2023-10-29_18h03.39.805_0_session_19.EDF	1974.353515625	2023-10-29 18:06:56.375000
2023-10-29	18:13:14.190000	sub-001/ses-019/func/sub-001_ses-019_task-rsmovie_dir-PA_echo-1_part-mag_bold.nii.gz	n/a	rest_2023-10-29_18h12.09.392_0_session_19.EDF	15134.482421875	2023-10-29 18:13:14.190000
2023-10-29	18:34:55.240000	sub-001/ses-019/func/sub-001_ses-019_task-bht_dir-PA_echo-1_part-mag_bold.nii.gz	n/a	bht_2023-10-29_18h33.57.024_0_session_19.EDF	4092.1220703125	2023-10-29 18:34:55.240000
2023-10-29	19:23:41.995000	sub-001/ses-020/dwi/sub-001_ses-020_acq-reliability_dir-RL_dwi.nii.gz	session2023-10-29T19:08:34.acq	fixation_2023-10-29_19h19.52.151_1_session_20.EDF	4367.4521484375	2023-10-29 19:23:41.995000
2023-10-29	20:00:46.027500	sub-001/ses-020/func/sub-001_ses-020_task-qct_dir-RL_echo-1_part-mag_bold.nii.gz	n/a	qct_2023-10-29_19h59.33.715_0_session_20.EDF	1886.1064453125	2023-10-29 20:00:46.027500
2023-10-29	20:06:47.362500	sub-001/ses-020/func/sub-001_ses-020_task-rsmovie_dir-RL_echo-1_part-mag_bold.nii.gz	n/a	rest_2023-10-29_20h05.09.929_0_session_20.EDF	14223.1005859375	2023-10-29 20:06:47.362500
2023-10-29	20:28:16.257500	sub-001/ses-020/func/sub-001_ses-020_task-bht_dir-RL_echo-1_part-mag_bold.nii.gz	n/a	bht_2023-10-29_20h27.21.398_0_session_20.EDF	3798.2919921875	2023-10-29 20:28:16.257500
2023-10-30	19:20:39.132500	sub-001/ses-021/dwi/sub-001_ses-021_acq-reliability_dir-RL_dwi.nii.gz	session2023-10-30T19:08:03.acq	fixation_2023-10-30_19h14.23.626_2_session_21.EDF	3402.404296875	2023-10-30 19:20:39.132500
2023-10-30	19:57:40.287500	sub-001/ses-021/func/sub-001_ses-021_task-qct_dir-RL_echo-1_part-mag_bold.nii.gz	n/a	qct_2023-10-30_19h54.05.659_0_session_21.EDF	1846.3994140625	2023-10-30 19:57:40.287500
2023-10-30	20:04:16.197500	sub-001/ses-021/func/sub-001_ses-021_task-rsmovie_dir-RL_echo-1_part-mag_bold.nii.gz	n/a	rest_2023-10-30_20h02.51.496_0_session_21.EDF	14577.490234375	2023-10-30 20:04:16.197500
2023-10-30	20:26:25.265000	sub-001/ses-021/func/sub-001_ses-021_task-bht_dir-RL_echo-1_part-mag_bold.nii.gz	n/a	bht_2023-10-30_20h24.56.078_0_session_21.EDF	3753.9404296875	2023-10-30 20:26:25.265000
2023-10-30	21:08:55.857500	sub-001/ses-022/dwi/sub-001_ses-022_acq-reliability_dir-AP_dwi.nii.gz	session2023-10-30T20:56:42.acq	fixation_2023-10-30_21h04.29.483_1_session_22.EDF	24029.85546875	2023-10-30 21:08:55.857500
2023-10-30	21:45:59.227500	sub-001/ses-022/func/sub-001_ses-022_task-qct_dir-AP_echo-1_part-mag_bold.nii.gz	n/a	qct_2023-10-30_21h42.46.455_0_session_22.EDF	1892.841796875	2023-10-30 21:45:59.227500
2023-10-30	21:52:18.290000	sub-001/ses-022/func/sub-001_ses-022_task-rsmovie_dir-AP_echo-1_part-mag_bold.nii.gz	n/a	rest_2023-10-30_21h51.11.079_0_session_22.EDF	14725.134765625	2023-10-30 21:52:18.290000
2023-10-30	22:14:14.370000	sub-001/ses-022/func/sub-001_ses-022_task-bht_dir-AP_echo-1_part-mag_bold.nii.gz	n/a	bht_2023-10-30_22h13.00.516_0_session_22.EDF	3711.4853515625	2023-10-30 22:14:14.370000
2023-10-31	19:40:23.570000	sub-001/ses-023/dwi/sub-001_ses-023_acq-reliability_dir-AP_dwi.nii.gz	session2023-10-31T19:26:31.acq	fixation_2023-10-31_19h38.18.771_1_session_23.EDF	2039.7685546875	2023-10-31 19:40:23.570000
2023-10-31	20:17:50.337500	sub-001/ses-023/func/sub-001_ses-023_task-qct_dir-AP_echo-1_part-mag_bold.nii.gz	n/a	qct_2023-10-31_20h16.23.124_0_session_23.EDF	1935.2197265625	2023-10-31 20:17:50.337500
2023-10-31	20:24:27.202500	sub-001/ses-023/func/sub-001_ses-023_task-rsmovie_dir-AP_echo-1_part-mag_bold.nii.gz	n/a	rest_2023-10-31_20h23.08.716_0_session_23.EDF	15296.4267578125	2023-10-31 20:24:27.202500
2023-10-31	20:45:56.445000	sub-001/ses-023/func/sub-001_ses-023_task-bht_dir-AP_echo-1_part-mag_bold.nii.gz	n/a	bht_2023-10-31_20h45.02.641_0_session_23.EDF	3984.3330078125	2023-10-31 20:45:56.445000
2023-10-31	21:51:14.815000	sub-001/ses-024/dwi/sub-001_ses-024_acq-reliability_dir-AP_dwi.nii.gz	session2023-10-31T21:35:54.acq	fixation_2023-10-31_21h49.38.233_2_session_24.EDF	24091.548828125	2023-10-31 21:51:14.815000
2023-10-31	22:30:49.087500	sub-001/ses-024/func/sub-001_ses-024_task-qct_dir-AP_echo-1_part-mag_bold.nii.gz	n/a	qct_2023-10-31_22h29.32.491_0_session_24.EDF	1871.724609375	2023-10-31 22:30:49.087500
2023-10-31	22:37:40.297500	sub-001/ses-024/func/sub-001_ses-024_task-rsmovie_dir-AP_echo-1_part-mag_bold.nii.gz	n/a	rest_2023-10-31_22h36.04.198_0_session_24.EDF	14494.8662109375	2023-10-31 22:37:40.297500
2023-10-31	22:59:07.302500	sub-001/ses-024/func/sub-001_ses-024_task-bht_dir-AP_echo-1_part-mag_bold.nii.gz	n/a	bht_2023-10-31_22h58.13.607_0_session_24.EDF	3716.525390625	2023-10-31 22:59:07.302500
2023-11-01	19:37:22.225000	sub-001/ses-025/dwi/sub-001_ses-025_acq-reliability_dir-RL_dwi.nii.gz	session2023-11-01T19:19:20.acq	fixation_2023-11-01_19h34.54.237_1_session_25.EDF	2716.42578125	2023-11-01 19:37:22.225000
2023-11-01	20:14:57.040000	sub-001/ses-025/func/sub-001_ses-025_task-qct_dir-RL_echo-1_part-mag_bold.nii.gz	n/a	qct_2023-11-01_20h13.26.444_0_session_25.EDF	1818.0869140625	2023-11-01 20:14:57.040000
2023-11-01	20:20:50.367500	sub-001/ses-025/func/sub-001_ses-025_task-rsmovie_dir-RL_echo-1_part-mag_bold.nii.gz	n/a	rest_2023-11-01_20h19.46.432_0_session_25.EDF	14106.0595703125	2023-11-01 20:20:50.367500
2023-11-01	20:42:43.232500	sub-001/ses-025/func/sub-001_ses-025_task-bht_dir-RL_echo-1_part-mag_bold.nii.gz	n/a	bht_2023-11-01_20h41.25.152_0_session_25.EDF	3696.2021484375	2023-11-01 20:42:43.232500
2023-11-01	21:21:53.775000	sub-001/ses-026/dwi/sub-001_ses-026_acq-reliability_dir-PA_dwi.nii.gz	session2023-11-01T21:08:31.acq	fixation_2023-11-01_21h19.06.608_1_session_26.EDF	16201.021484375	2023-11-01 21:21:53.775000
2023-11-01	21:58:43.225000	sub-001/ses-026/func/sub-001_ses-026_task-qct_dir-PA_echo-1_part-mag_bold.nii.gz	n/a	qct_2023-11-01_21h55.19.742_0_session_26.EDF	1896.8271484375	2023-11-01 21:58:43.225000
2023-11-01	22:05:13.225000	sub-001/ses-026/func/sub-001_ses-026_task-rsmovie_dir-PA_echo-1_part-mag_bold.nii.gz	n/a	rest_2023-11-01_22h03.59.490_0_session_26.EDF	14859.953125	2023-11-01 22:05:13.225000
2023-11-01	22:27:09.480000	sub-001/ses-026/func/sub-001_ses-026_task-bht_dir-PA_echo-1_part-mag_bold.nii.gz	n/a	bht_2023-11-01_22h26.03.086_0_session_26.EDF	3754.28125	2023-11-01 22:27:09.480000
2023-11-02	19:42:03.617500	sub-001/ses-excl027/dwi/sub-001_ses-excl027_acq-reliability_dir-AP_dwi.nii.gz	session2023-11-02T19:27:03.acq	fixation_2023-11-02_19h29.37.833_1_session_27.EDF	3916.73046875	2023-11-02 19:42:03.617500
2023-11-02	21:19:46.297500	sub-001/ses-028/dwi/sub-001_ses-028_acq-reliability_dir-RL_dwi.nii.gz	session2023-11-02T21:05:57.acq	fixation_2023-11-02_21h17.30.822_1_session_28.EDF	22927.5888671875	2023-11-02 21:19:46.297500
2023-11-02	21:58:24.315000	sub-001/ses-028/func/sub-001_ses-028_task-qct_dir-RL_echo-1_part-mag_bold.nii.gz	n/a	qct_2023-11-02_21h55.55.757_0_session_28.EDF	1861.068359375	2023-11-02 21:58:24.315000
2023-11-02	22:04:34.217500	sub-001/ses-028/func/sub-001_ses-028_task-rsmovie_dir-RL_echo-1_part-mag_bold.nii.gz	n/a	rest_2023-11-02_22h03.31.967_0_session_28.EDF	14478.9990234375	2023-11-02 22:04:34.217500
2023-11-02	22:26:01.230000	sub-001/ses-028/func/sub-001_ses-028_task-bht_dir-RL_echo-1_part-mag_bold.nii.gz	n/a	bht_2023-11-02_22h25.06.651_0_session_28.EDF	3682.39453125	2023-11-02 22:26:01.230000
2023-11-03	19:24:20.570000	sub-001/ses-excl029/dwi/sub-001_ses-excl029_acq-reliability_dir-PA_dwi.nii.gz	session2023-11-03T19:12:36.acq	fixation_2023-11-03_19h15.36.495_2_session_29.EDF	3001.767578125	2023-11-03 19:24:20.570000
2023-11-03	20:01:04.370000	sub-001/ses-excl029/func/sub-001_ses-excl029_task-qct_dir-PA_echo-1_part-mag_bold.nii.gz	n/a	qct_2023-11-03_19h58.22.540_0_session_29.EDF	1869.75	2023-11-03 20:01:04.370000
2023-11-03	20:07:25.187500	sub-001/ses-excl029/func/sub-001_ses-excl029_task-rsmovie_dir-PA_echo-1_part-mag_bold.nii.gz	n/a	rest_2023-11-03_20h06.12.290_0_session_29.EDF	14155.1162109375	2023-11-03 20:07:25.187500
2023-11-03	20:28:50.275000	sub-001/ses-excl029/func/sub-001_ses-excl029_task-bht_dir-PA_echo-1_part-mag_bold.nii.gz	n/a	bht_2023-11-03_20h27.56.353_0_session_29.EDF	3741.2001953125	2023-11-03 20:28:50.275000
2023-11-09	18:47:28.555000	sub-001/ses-037/dwi/sub-001_ses-037_acq-reliability_dir-LR_dwi.nii.gz	session2023-11-09T18:31:20.acq	fixation_2023-11-09_18h40.15.892_1_session_37.EDF	2586.99609375	2023-11-09 18:47:28.555000
2023-11-09	19:25:40.307500	sub-001/ses-037/func/sub-001_ses-037_task-qct_dir-LR_echo-1_part-mag_bold.nii.gz	n/a	qct_2023-11-09_19h21.30.139_0_session_37.EDF	1847.4296875	2023-11-09 19:25:40.307500
2023-11-09	19:31:54.377500	sub-001/ses-037/func/sub-001_ses-037_task-rsmovie_dir-LR_echo-1_part-mag_bold.nii.gz	n/a	rest_2023-11-09_19h30.51.192_0_session_37.EDF	14300.7919921875	2023-11-09 19:31:54.377500
2023-11-09	19:53:24.285000	sub-001/ses-037/func/sub-001_ses-037_task-bht_dir-LR_echo-1_part-mag_bold.nii.gz	n/a	bht_2023-11-09_19h52.33.082_0_session_37.EDF	3719.1611328125	2023-11-09 19:53:24.285000
2023-11-09	20:35:13.762500	sub-001/ses-038/dwi/sub-001_ses-038_acq-reliability_dir-PA_dwi.nii.gz	session2023-11-09T20:21:11.acq	fixation_2023-11-09_20h32.33.738_1_session_38.EDF	23074.541015625	2023-11-09 20:35:13.762500
2023-11-09	21:12:14.205000	sub-001/ses-038/func/sub-001_ses-038_task-qct_dir-PA_echo-1_part-mag_bold.nii.gz	n/a	qct_2023-11-09_21h11.02.491_0_session_38.EDF	1846.3935546875	2023-11-09 21:12:14.205000
2023-11-09	21:18:42.180000	sub-001/ses-038/func/sub-001_ses-038_task-rsmovie_dir-PA_echo-1_part-mag_bold.nii.gz	n/a	rest_2023-11-09_21h17.37.586_0_session_38.EDF	14540.986328125	2023-11-09 21:18:42.180000
2023-11-09	21:40:12.302500	sub-001/ses-038/func/sub-001_ses-038_task-bht_dir-PA_echo-1_part-mag_bold.nii.gz	n/a	bht_2023-11-09_21h39.17.972_0_session_38.EDF	3681.05078125	2023-11-09 21:40:12.302500
2023-11-10	18:25:27.502500	sub-001/ses-039/dwi/sub-001_ses-039_acq-reliability_dir-LR_dwi.nii.gz	session2023-11-10T18:12:39.acq	fixation_2023-11-10_18h14.16.839_1_session_39.EDF	2957.84765625	2023-11-10 18:25:27.502500
2023-11-10	19:03:04.292500	sub-001/ses-039/func/sub-001_ses-039_task-qct_dir-LR_echo-1_part-mag_bold.nii.gz	n/a	qct_2023-11-10_19h01.39.231_0_session_39.EDF	1876.4619140625	2023-11-10 19:03:04.292500
2023-11-10	19:09:23.367500	sub-001/ses-039/func/sub-001_ses-039_task-rsmovie_dir-LR_echo-1_part-mag_bold.nii.gz	n/a	rest_2023-11-10_19h08.22.182_0_session_39.EDF	14434.392578125	2023-11-10 19:09:23.367500
2023-11-10	19:31:27.267500	sub-001/ses-039/func/sub-001_ses-039_task-bht_dir-LR_echo-1_part-mag_bold.nii.gz	n/a	bht_2023-11-10_19h30.07.292_0_session_39.EDF	3809.642578125	2023-11-10 19:31:27.267500
2023-11-10	20:17:47.775000	sub-001/ses-040/dwi/sub-001_ses-040_acq-reliability_dir-AP_dwi.nii.gz	session2023-11-10T20:02:46.acq	fixation_2023-11-10_20h05.15.304_1_session_40.EDF	14120.8056640625	2023-11-10 20:17:47.775000
2023-11-10	20:54:58.037500	sub-001/ses-040/func/sub-001_ses-040_task-qct_dir-AP_echo-1_part-mag_bold.nii.gz	n/a	qct_2023-11-10_20h53.52.760_0_session_40.EDF	1851.1767578125	2023-11-10 20:54:58.037500
2023-11-10	21:01:25.210000	sub-001/ses-040/func/sub-001_ses-040_task-rsmovie_dir-AP_echo-1_part-mag_bold.nii.gz	n/a	rest_2023-11-10_21h00.22.455_0_session_40.EDF	14056.9619140625	2023-11-10 21:01:25.210000
2023-11-10	21:23:16.297500	sub-001/ses-040/func/sub-001_ses-040_task-bht_dir-AP_echo-1_part-mag_bold.nii.gz	n/a	bht_2023-11-10_21h22.12.681_0_session_40.EDF	3678.5498046875	2023-11-10 21:23:16.297500
2023-11-11	08:37:10.612500	sub-001/ses-041/dwi/sub-001_ses-041_acq-reliability_dir-AP_dwi.nii.gz	session2023-11-11T08:20:41.acq	fixation_2023-11-11_08h35.00.279_3_session_41.EDF	2958.3544921875	2023-11-11 08:37:10.612500
2023-11-11	09:14:33.297500	sub-001/ses-041/func/sub-001_ses-041_task-qct_dir-AP_echo-1_part-mag_bold.nii.gz	n/a	qct_2023-11-11_09h13.24.492_0_session_41.EDF	1880.3203125	2023-11-11 09:14:33.297500
2023-11-11	09:21:06.392500	sub-001/ses-041/func/sub-001_ses-041_task-rsmovie_dir-AP_echo-1_part-mag_bold.nii.gz	n/a	rest_2023-11-11_09h19.59.541_0_session_41.EDF	14312.6845703125	2023-11-11 09:21:06.392500
2023-11-11	09:42:32.410000	sub-001/ses-041/func/sub-001_ses-041_task-bht_dir-AP_echo-1_part-mag_bold.nii.gz	n/a	bht_2023-11-11_09h41.42.912_0_session_41.EDF	3736.826171875	2023-11-11 09:42:32.410000
2023-11-11	10:38:52.760000	sub-001/ses-042/dwi/sub-001_ses-042_acq-reliability_dir-PA_dwi.nii.gz	session2023-11-11T10:14:41.acq	fixation_2023-11-11_10h28.29.995_2_session_42.EDF	7866.5078125	2023-11-11 10:38:52.760000
2023-11-11	11:17:11.202500	sub-001/ses-042/func/sub-001_ses-042_task-qct_dir-PA_echo-1_part-mag_bold.nii.gz	n/a	qct_2023-11-11_11h16.10.848_0_session_42.EDF	1814.86328125	2023-11-11 11:17:11.202500
2023-11-11	11:24:26.192500	sub-001/ses-042/func/sub-001_ses-042_task-rsmovie_dir-PA_echo-1_part-mag_bold.nii.gz	n/a	rest_2023-11-11_11h23.12.567_0_session_42.EDF	13977.3896484375	2023-11-11 11:24:26.192500
2023-11-11	11:48:06.387500	sub-001/ses-042/func/sub-001_ses-042_task-bht_dir-PA_echo-1_part-mag_bold.nii.gz	n/a	bht_2023-11-11_11h46.56.809_1_session_42.EDF	3641.4912109375	2023-11-11 11:48:06.387500
2023-11-12	09:32:39.565000	sub-001/ses-043/dwi/sub-001_ses-043_acq-reliability_dir-AP_dwi.nii.gz	session2023-11-12T09:18:49.acq	fixation_2023-11-12_09h30.01.023_2_session_43.EDF	3350.181640625	2023-11-12 09:32:39.565000
2023-11-12	10:09:51.345000	sub-001/ses-043/func/sub-001_ses-043_task-qct_dir-AP_echo-1_part-mag_bold.nii.gz	n/a	qct_2023-11-12_10h08.42.802_0_session_43.EDF	1778.119140625	2023-11-12 10:09:51.345000
2023-11-12	10:16:21.192500	sub-001/ses-043/func/sub-001_ses-043_task-rsmovie_dir-AP_echo-1_part-mag_bold.nii.gz	n/a	rest_2023-11-12_10h15.19.932_0_session_43.EDF	13766.37890625	2023-11-12 10:16:21.192500
2023-11-12	10:37:50.220000	sub-001/ses-043/func/sub-001_ses-043_task-bht_dir-AP_echo-1_part-mag_bold.nii.gz	n/a	bht_2023-11-12_10h36.56.083_0_session_43.EDF	3671.8603515625	2023-11-12 10:37:50.220000
2023-11-12	11:22:53.520000	sub-001/ses-044/dwi/sub-001_ses-044_acq-reliability_dir-LR_dwi.nii.gz	session2023-11-12T11:08:00.acq	fixation_2023-11-12_11h20.36.810_1_session_44.EDF	5818.2939453125	2023-11-12 11:22:53.520000
2023-11-12	12:01:08.032500	sub-001/ses-044/func/sub-001_ses-044_task-qct_dir-LR_echo-1_part-mag_bold.nii.gz	n/a	qct_2023-11-12_11h57.29.772_0_session_44.EDF	1861.951171875	2023-11-12 12:01:08.032500
2023-11-12	12:07:39.377500	sub-001/ses-044/func/sub-001_ses-044_task-rsmovie_dir-LR_echo-1_part-mag_bold.nii.gz	n/a	rest_2023-11-12_12h06.31.292_0_session_44.EDF	14491.734375	2023-11-12 12:07:39.377500
2023-11-12	12:29:16.240000	sub-001/ses-044/func/sub-001_ses-044_task-bht_dir-LR_echo-1_part-mag_bold.nii.gz	n/a	bht_2023-11-12_12h28.12.336_0_session_44.EDF	3743.9130859375	2023-11-12 12:29:16.240000
2023-11-13	18:44:23.227500	sub-001/ses-045/dwi/sub-001_ses-045_acq-reliability_dir-LR_dwi.nii.gz	session2023-11-13T18:31:22.acq	fixation_2023-11-13_18h41.45.582_1_session_45.EDF	15446.08984375	2023-11-13 18:44:23.227500
2023-11-13	19:21:26.310000	sub-001/ses-045/func/sub-001_ses-045_task-qct_dir-LR_echo-1_part-mag_bold.nii.gz	n/a	qct_2023-11-13_19h20.22.152_0_session_45.EDF	1870.56640625	2023-11-13 19:21:26.310000
2023-11-13	19:27:59.370000	sub-001/ses-045/func/sub-001_ses-045_task-rsmovie_dir-LR_echo-1_part-mag_bold.nii.gz	n/a	rest_2023-11-13_19h26.43.438_0_session_45.EDF	14510.171875	2023-11-13 19:27:59.370000
2023-11-13	19:49:39.445000	sub-001/ses-045/func/sub-001_ses-045_task-bht_dir-LR_echo-1_part-mag_bold.nii.gz	n/a	bht_2023-11-13_19h48.31.821_0_session_45.EDF	3685.833984375	2023-11-13 19:49:39.445000
2023-11-13	20:29:09.695000	sub-001/ses-046/dwi/sub-001_ses-046_acq-reliability_dir-LR_dwi.nii.gz	session2023-11-13T20:16:37.acq	fixation_2023-11-13_20h27.23.518_1_session_46.EDF	24237.44921875	2023-11-13 20:29:09.695000
2023-11-13	21:05:49.045000	sub-001/ses-046/func/sub-001_ses-046_task-qct_dir-LR_echo-1_part-mag_bold.nii.gz	n/a	qct_2023-11-13_21h02.32.492_0_session_46.EDF	1890.23046875	2023-11-13 21:05:49.045000
2023-11-13	21:11:59.395000	sub-001/ses-046/func/sub-001_ses-046_task-rsmovie_dir-LR_echo-1_part-mag_bold.nii.gz	n/a	rest_2023-11-13_21h11.02.858_0_session_46.EDF	14954.8544921875	2023-11-13 21:11:59.395000
2023-11-13	21:33:28.440000	sub-001/ses-046/func/sub-001_ses-046_task-bht_dir-LR_echo-1_part-mag_bold.nii.gz	n/a	bht_2023-11-13_21h32.31.568_0_session_46.EDF	3739.576171875	2023-11-13 21:33:28.440000
2023-11-14	19:06:36.360000	sub-001/ses-047/dwi/sub-001_ses-047_acq-reliability_dir-RL_dwi.nii.gz	session2023-11-14T18:59:58.acq	fixation_2023-11-14_19h03.14.203_2_session_47.EDF	15957.0126953125	2023-11-14 19:06:36.360000
2023-11-14	19:43:31.390000	sub-001/ses-047/func/sub-001_ses-047_task-qct_dir-RL_echo-1_part-mag_bold.nii.gz	n/a	qct_2023-11-14_19h41.07.634_0_session_47.EDF	1906.1826171875	2023-11-14 19:43:31.390000
2023-11-14	19:49:59.402500	sub-001/ses-047/func/sub-001_ses-047_task-rsmovie_dir-RL_echo-1_part-mag_bold.nii.gz	n/a	rest_2023-11-14_19h48.54.490_0_session_47.EDF	14587.0302734375	2023-11-14 19:49:59.402500
2023-11-14	20:11:21.455000	sub-001/ses-047/func/sub-001_ses-047_task-bht_dir-RL_echo-1_part-mag_bold.nii.gz	n/a	bht_2023-11-14_20h10.32.777_0_session_47.EDF	3832.37890625	2023-11-14 20:11:21.455000
2023-11-14	21:00:28.770000	sub-001/ses-048/dwi/sub-001_ses-048_acq-reliability_dir-PA_dwi.nii.gz	session2023-11-14T20:45:50.acq	fixation_2023-11-14_20h53.24.388_1_session_48.EDF	24881.357421875	2023-11-14 21:00:28.770000
2023-11-14	21:37:28.202500	sub-001/ses-048/func/sub-001_ses-048_task-qct_dir-PA_echo-1_part-mag_bold.nii.gz	n/a	qct_2023-11-14_21h36.27.726_0_session_48.EDF	1944.80859375	2023-11-14 21:37:28.202500
2023-11-14	21:43:24.387500	sub-001/ses-048/func/sub-001_ses-048_task-rsmovie_dir-PA_echo-1_part-mag_bold.nii.gz	n/a	rest_2023-11-14_21h42.26.297_0_session_48.EDF	14983.310546875	2023-11-14 21:43:24.387500
2023-11-14	22:05:10.250000	sub-001/ses-048/func/sub-001_ses-048_task-bht_dir-PA_echo-1_part-mag_bold.nii.gz	n/a	bht_2023-11-14_22h04.02.802_0_session_48.EDF	3971.251953125	2023-11-14 22:05:10.250000
2024-01-26	17:17:22.307500	sub-001/ses-pilot20001060/func/sub-001_ses-pilot20001060_task-rest_dir-PA_echo-1_part-mag_bold.nii.gz	n/a	n/a	n/a	2024-01-26 17:17:22.307500
2024-01-26	18:22:28.835000	sub-001/ses-pilot20002030/dwi/sub-001_ses-pilot20002030_acq-pilotstd_dir-PA_dwi.nii.gz	n/a	n/a	n/a	2024-01-26 18:22:28.835000
2024-01-26	18:24:27.842500	sub-001/ses-pilot20002030/dwi/sub-001_ses-pilot20002030_acq-pilotstd_dir-AP_dwi.nii.gz	n/a	n/a	n/a	2024-01-26 18:24:27.842500
2024-01-26	18:26:30.827500	sub-001/ses-pilot20002030/dwi/sub-001_ses-pilot20002030_acq-pilotstd_dir-LR_dwi.nii.gz	n/a	n/a	n/a	2024-01-26 18:26:30.827500
2024-01-26	18:27:39.842500	sub-001/ses-pilot20002030/dwi/sub-001_ses-pilot20002030_acq-pilotstd_dir-RL_dwi.nii.gz	n/a	n/a	n/a	2024-01-26 18:27:39.842500
2024-01-26	19:59:38.540000	sub-001/ses-pilot20003034/dwi/sub-001_ses-pilot20003034_acq-pilotstd_dir-AP_dwi.nii.gz	n/a	n/a	n/a	2024-01-26 19:59:38.540000
2024-01-26	20:02:18.605000	sub-001/ses-pilot20003034/dwi/sub-001_ses-pilot20003034_acq-pilotstd_dir-PA_dwi.nii.gz	n/a	n/a	n/a	2024-01-26 20:02:18.605000
2024-01-26	20:03:40.632500	sub-001/ses-pilot20003034/dwi/sub-001_ses-pilot20003034_acq-pilotstd_dir-LR_dwi.nii.gz	n/a	n/a	n/a	2024-01-26 20:03:40.632500
2024-01-26	20:06:45.537500	sub-001/ses-pilot20003034/dwi/sub-001_ses-pilot20003034_acq-pilotstd_dir-RL_dwi.nii.gz	n/a	n/a	n/a	2024-01-26 20:06:45.537500
2024-08-18	11:28:48.730000	sub-001/ses-pilot20101030/func/sub-001_ses-pilot20101030_task-rest_dir-PA_echo-1_part-mag_bold.nii.gz	n/a	n/a	n/a	2024-08-18 11:28:48.730000
2024-08-18	11:53:19.927500	sub-001/ses-pilot20101030/dwi/sub-001_ses-pilot20101030_acq-pilotstd_dir-PA_dwi.nii.gz	n/a	n/a	n/a	2024-08-18 11:53:19.927500
2024-08-18	13:50:15.055000	sub-001/ses-pilot20102034/func/sub-001_ses-pilot20102034_task-rest_dir-LR_echo-1_part-mag_bold.nii.gz	n/a	n/a	n/a	2024-08-18 13:50:15.055000
2024-08-18	14:14:32.447500	sub-001/ses-pilot20102034/dwi/sub-001_ses-pilot20102034_acq-pilotstd_dir-LR_dwi.nii.gz	n/a	n/a	n/a	2024-08-18 14:14:32.447500
2024-08-19	21:24:55.252500	sub-001/ses-pilot20103060/func/sub-001_ses-pilot20103060_task-rest_dir-LR_echo-1_part-mag_bold.nii.gz	n/a	n/a	n/a	2024-08-19 21:24:55.252500
2024-08-19	21:48:46.202500	sub-001/ses-pilot20103060/dwi/sub-001_ses-pilot20103060_acq-pilotstd_dir-LR_dwi.nii.gz	n/a	n/a	n/a	2024-08-19 21:48:46.202500
2024-08-20	21:19:11.542500	sub-001/ses-20101060/func/sub-001_ses-20101060_task-rest_dir-AP_echo-1_part-mag_bold.nii.gz	n/a	n/a	n/a	2024-08-20 21:19:11.542500
2024-08-20	21:43:06.195000	sub-001/ses-20101060/dwi/sub-001_ses-20101060_acq-standard_dir-AP_dwi.nii.gz	n/a	n/a	n/a	2024-08-20 21:43:06.195000
2024-08-20	22:59:30.355000	sub-001/ses-20102030/func/sub-001_ses-20102030_task-rest_dir-RL_echo-1_part-mag_bold.nii.gz	n/a	n/a	n/a	2024-08-20 22:59:30.355000
2024-08-20	23:23:32.937500	sub-001/ses-20102030/dwi/sub-001_ses-20102030_acq-standard_dir-RL_dwi.nii.gz	n/a	n/a	n/a	2024-08-20 23:23:32.937500
2024-08-21	00:32:54.322500	sub-001/ses-20103034/func/sub-001_ses-20103034_task-rest_dir-PA_echo-1_part-mag_bold.nii.gz	n/a	n/a	n/a	2024-08-21 00:32:54.322500
2024-08-21	00:56:57.432500	sub-001/ses-20103034/dwi/sub-001_ses-20103034_acq-standard_dir-PA_dwi.nii.gz	n/a	n/a	n/a	2024-08-21 00:56:57.432500
2024-08-21	20:51:59.287500	sub-001/ses-20201060/func/sub-001_ses-20201060_task-rest_dir-RL_echo-1_part-mag_bold.nii.gz	n/a	n/a	n/a	2024-08-21 20:51:59.287500
2024-08-21	21:16:14.440000	sub-001/ses-20201060/dwi/sub-001_ses-20201060_acq-standard_dir-RL_dwi.nii.gz	n/a	n/a	n/a	2024-08-21 21:16:14.440000
2024-08-21	22:23:23.142500	sub-001/ses-20202030/func/sub-001_ses-20202030_task-rest_dir-AP_echo-1_part-mag_bold.nii.gz	n/a	n/a	n/a	2024-08-21 22:23:23.142500
2024-08-21	22:48:03.940000	sub-001/ses-20202030/dwi/sub-001_ses-20202030_acq-standard_dir-AP_dwi.nii.gz	n/a	n/a	n/a	2024-08-21 22:48:03.940000
2024-08-22	00:04:15.010000	sub-001/ses-20203034/func/sub-001_ses-20203034_task-rest_dir-RL_echo-1_part-mag_bold.nii.gz	n/a	n/a	n/a	2024-08-22 00:04:15.010000
2024-08-22	00:30:13.430000	sub-001/ses-20203034/dwi/sub-001_ses-20203034_acq-standard_dir-RL_dwi.nii.gz	n/a	n/a	n/a	2024-08-22 00:30:13.430000
2024-08-22	20:36:16.375000	sub-001/ses-20301060/func/sub-001_ses-20301060_task-rest_dir-LR_echo-1_part-mag_bold.nii.gz	n/a	n/a	n/a	2024-08-22 20:36:16.375000
2024-08-22	21:00:51.192500	sub-001/ses-20301060/dwi/sub-001_ses-20301060_acq-standard_dir-LR_dwi.nii.gz	n/a	n/a	n/a	2024-08-22 21:00:51.192500
2024-08-22	22:17:37.092500	sub-001/ses-20302034/func/sub-001_ses-20302034_task-rest_dir-PA_echo-1_part-mag_bold.nii.gz	n/a	n/a	n/a	2024-08-22 22:17:37.092500
2024-08-22	22:41:39.440000	sub-001/ses-20302034/dwi/sub-001_ses-20302034_acq-standard_dir-PA_dwi.nii.gz	n/a	n/a	n/a	2024-08-22 22:41:39.440000
2024-08-22	23:52:10.755000	sub-001/ses-20303030/func/sub-001_ses-20303030_task-rest_dir-AP_echo-1_part-mag_bold.nii.gz	n/a	n/a	n/a	2024-08-22 23:52:10.755000
2024-08-23	00:17:00.937500	sub-001/ses-20303030/dwi/sub-001_ses-20303030_acq-standard_dir-AP_dwi.nii.gz	n/a	n/a	n/a	2024-08-23 00:17:00.937500
2024-08-23	18:13:15.900000	sub-001/ses-20401030/func/sub-001_ses-20401030_task-rest_dir-RL_echo-1_part-mag_bold.nii.gz	n/a	n/a	n/a	2024-08-23 18:13:15.900000
2024-08-23	18:37:49.937500	sub-001/ses-20401030/dwi/sub-001_ses-20401030_acq-standard_dir-RL_dwi.nii.gz	n/a	n/a	n/a	2024-08-23 18:37:49.937500
2024-08-23	19:48:10.325000	sub-001/ses-20402060/func/sub-001_ses-20402060_task-rest_dir-PA_echo-1_part-mag_bold.nii.gz	n/a	n/a	n/a	2024-08-23 19:48:10.325000
2024-08-23	20:13:02.185000	sub-001/ses-20402060/dwi/sub-001_ses-20402060_acq-standard_dir-PA_dwi.nii.gz	n/a	n/a	n/a	2024-08-23 20:13:02.185000
2024-08-24	18:12:59.395000	sub-001/ses-20501030/func/sub-001_ses-20501030_task-rest_dir-PA_echo-1_part-mag_bold.nii.gz	n/a	n/a	n/a	2024-08-24 18:12:59.395000
2024-08-24	18:36:52.932500	sub-001/ses-20501030/dwi/sub-001_ses-20501030_acq-standard_dir-PA_dwi.nii.gz	n/a	n/a	n/a	2024-08-24 18:36:52.932500
2024-08-24	19:54:52.457500	sub-001/ses-20502060/func/sub-001_ses-20502060_task-rest_dir-RL_echo-1_part-mag_bold.nii.gz	n/a	n/a	n/a	2024-08-24 19:54:52.457500
2024-08-24	20:18:45.437500	sub-001/ses-20502060/dwi/sub-001_ses-20502060_acq-standard_dir-RL_dwi.nii.gz	n/a	n/a	n/a	2024-08-24 20:18:45.437500
2024-08-25	18:36:01.732500	sub-001/ses-20601060/func/sub-001_ses-20601060_task-rest_dir-PA_echo-1_part-mag_bold.nii.gz	n/a	n/a	n/a	2024-08-25 18:36:01.732500
2024-08-25	19:00:10.432500	sub-001/ses-20601060/dwi/sub-001_ses-20601060_acq-standard_dir-PA_dwi.nii.gz	n/a	n/a	n/a	2024-08-25 19:00:10.432500
2024-08-25	20:05:14.997500	sub-001/ses-20602030/func/sub-001_ses-20602030_task-rest_dir-LR_echo-1_part-mag_bold.nii.gz	n/a	n/a	n/a	2024-08-25 20:05:14.997500
2024-08-25	20:29:31.950000	sub-001/ses-20602030/dwi/sub-001_ses-20602030_acq-standard_dir-LR_dwi.nii.gz	n/a	n/a	n/a	2024-08-25 20:29:31.950000
2024-08-26	22:22:19.637500	sub-001/ses-20401034/func/sub-001_ses-20401034_task-rest_dir-RL_echo-1_part-mag_bold.nii.gz	n/a	n/a	n/a	2024-08-26 22:22:19.637500
2024-08-26	22:47:31.435000	sub-001/ses-20401034/dwi/sub-001_ses-20401034_acq-standard_dir-RL_dwi.nii.gz	n/a	n/a	n/a	2024-08-26 22:47:31.435000
2024-08-27	00:00:47.372500	sub-001/ses-20702060/func/sub-001_ses-20702060_task-rest_dir-AP_echo-1_part-mag_bold.nii.gz	n/a	n/a	n/a	2024-08-27 00:00:47.372500
2024-08-27	00:25:16.210000	sub-001/ses-20702060/dwi/sub-001_ses-20702060_acq-standard_dir-AP_dwi.nii.gz	n/a	n/a	n/a	2024-08-27 00:25:16.210000
2024-08-27	22:04:06.537500	sub-001/ses-20501034/func/sub-001_ses-20501034_task-rest_dir-LR_echo-1_part-mag_bold.nii.gz	n/a	n/a	n/a	2024-08-27 22:04:06.537500
2024-08-27	22:29:16.450000	sub-001/ses-20501034/dwi/sub-001_ses-20501034_acq-standard_dir-LR_dwi.nii.gz	n/a	n/a	n/a	2024-08-27 22:29:16.450000
2024-08-27	23:36:06.512500	sub-001/ses-20702030/func/sub-001_ses-20702030_task-rest_dir-AP_echo-1_part-mag_bold.nii.gz	n/a	n/a	n/a	2024-08-27 23:36:06.512500
2024-08-28	00:00:47.305000	sub-001/ses-20702030/dwi/sub-001_ses-20702030_acq-standard_dir-AP_dwi.nii.gz	n/a	n/a	n/a	2024-08-28 00:00:47.305000
2024-08-28	22:07:49.392500	sub-001/ses-20601034/func/sub-001_ses-20601034_task-rest_dir-RL_echo-1_part-mag_bold.nii.gz	n/a	n/a	n/a	2024-08-28 22:07:49.392500
2024-08-28	22:33:29.432500	sub-001/ses-20601034/dwi/sub-001_ses-20601034_acq-standard_dir-RL_dwi.nii.gz	n/a	n/a	n/a	2024-08-28 22:33:29.432500
2024-08-29	00:01:44.635000	sub-001/ses-20802060/func/sub-001_ses-20802060_task-rest_dir-LR_echo-1_part-mag_bold.nii.gz	n/a	n/a	n/a	2024-08-29 00:01:44.635000
2024-08-29	00:26:05.447500	sub-001/ses-20802060/dwi/sub-001_ses-20802060_acq-standard_dir-LR_dwi.nii.gz	n/a	n/a	n/a	2024-08-29 00:26:05.447500
2024-08-29	22:13:09.217500	sub-001/ses-20701034/func/sub-001_ses-20701034_task-rest_dir-AP_echo-1_part-mag_bold.nii.gz	n/a	n/a	n/a	2024-08-29 22:13:09.217500
2024-08-29	22:38:00.437500	sub-001/ses-20701034/dwi/sub-001_ses-20701034_acq-standard_dir-AP_dwi.nii.gz	n/a	n/a	n/a	2024-08-29 22:38:00.437500
2024-08-29	23:55:03.035000	sub-001/ses-20902060/func/sub-001_ses-20902060_task-rest_dir-PA_echo-1_part-mag_bold.nii.gz	n/a	n/a	n/a	2024-08-29 23:55:03.035000
2024-08-30	00:19:15.477500	sub-001/ses-20902060/dwi/sub-001_ses-20902060_acq-standard_dir-PA_dwi.nii.gz	n/a	n/a	n/a	2024-08-30 00:19:15.477500
2024-08-30	18:41:50	sub-001/ses-20801030/func/sub-001_ses-20801030_task-rest_dir-PA_echo-1_part-mag_bold.nii.gz	n/a	n/a	n/a	2024-08-30 18:41:50.000000
2024-08-30	19:07:07.950000	sub-001/ses-20801030/dwi/sub-001_ses-20801030_acq-standard_dir-PA_dwi.nii.gz	n/a	n/a	n/a	2024-08-30 19:07:07.950000
2024-08-30	20:16:00.307500	sub-001/ses-20802034/func/sub-001_ses-20802034_task-rest_dir-LR_echo-1_part-mag_bold.nii.gz	n/a	n/a	n/a	2024-08-30 20:16:00.307500
2024-08-30	20:39:58.445000	sub-001/ses-20802034/dwi/sub-001_ses-20802034_acq-standard_dir-LR_dwi.nii.gz	n/a	n/a	n/a	2024-08-30 20:39:58.445000
2024-08-31	18:20:47.967500	sub-001/ses-21001060/func/sub-001_ses-21001060_task-rest_dir-LR_echo-1_part-mag_bold.nii.gz	n/a	n/a	n/a	2024-08-31 18:20:47.967500
2024-08-31	18:45:00.185000	sub-001/ses-21001060/dwi/sub-001_ses-21001060_acq-standard_dir-LR_dwi.nii.gz	n/a	n/a	n/a	2024-08-31 18:45:00.185000
2024-08-31	19:56:15.027500	sub-001/ses-20902030/func/sub-001_ses-20902030_task-rest_dir-LR_echo-1_part-mag_bold.nii.gz	n/a	n/a	n/a	2024-08-31 19:56:15.027500
2024-08-31	20:20:15.960000	sub-001/ses-20902030/dwi/sub-001_ses-20902030_acq-standard_dir-LR_dwi.nii.gz	n/a	n/a	n/a	2024-08-31 20:20:15.960000
2024-08-31	21:30:38.235000	sub-001/ses-20903034/func/sub-001_ses-20903034_task-rest_dir-AP_echo-1_part-mag_bold.nii.gz	n/a	n/a	n/a	2024-08-31 21:30:38.235000
2024-08-31	21:54:37.422500	sub-001/ses-20903034/dwi/sub-001_ses-20903034_acq-standard_dir-AP_dwi.nii.gz	n/a	n/a	n/a	2024-08-31 21:54:37.422500
2024-09-01	18:03:13.262500	sub-001/ses-21001030/func/sub-001_ses-21001030_task-rest_dir-PA_echo-1_part-mag_bold.nii.gz	n/a	n/a	n/a	2024-09-01 18:03:13.262500
2024-09-01	18:35:09.975000	sub-001/ses-21001030/dwi/sub-001_ses-21001030_acq-standard_dir-PA_dwi.nii.gz	n/a	n/a	n/a	2024-09-01 18:35:09.975000
2024-09-01	19:45:21.260000	sub-001/ses-21002034/func/sub-001_ses-21002034_task-rest_dir-AP_echo-1_part-mag_bold.nii.gz	n/a	n/a	n/a	2024-09-01 19:45:21.260000
2024-09-01	20:09:38.437500	sub-001/ses-21002034/dwi/sub-001_ses-21002034_acq-standard_dir-AP_dwi.nii.gz	n/a	n/a	n/a	2024-09-01 20:09:38.437500
2024-09-03	22:25:37.322500	sub-001/ses-21101034/func/sub-001_ses-21101034_task-rest_dir-PA_echo-1_part-mag_bold.nii.gz	n/a	n/a	n/a	2024-09-03 22:25:37.322500
2024-09-03	22:50:22.455000	sub-001/ses-21101034/dwi/sub-001_ses-21101034_acq-standard_dir-PA_dwi.nii.gz	n/a	n/a	n/a	2024-09-03 22:50:22.455000
2024-09-04	00:00:13.710000	sub-001/ses-21102030/func/sub-001_ses-21102030_task-rest_dir-LR_echo-1_part-mag_bold.nii.gz	n/a	n/a	n/a	2024-09-04 00:00:13.710000
2024-09-04	00:25:10.940000	sub-001/ses-21102030/dwi/sub-001_ses-21102030_acq-standard_dir-LR_dwi.nii.gz	n/a	n/a	n/a	2024-09-04 00:25:10.940000
2024-09-04	22:03:14.402500	sub-001/ses-21201030/func/sub-001_ses-21201030_task-rest_dir-RL_echo-1_part-mag_bold.nii.gz	n/a	n/a	n/a	2024-09-04 22:03:14.402500
2024-09-04	22:27:18.955000	sub-001/ses-21201030/dwi/sub-001_ses-21201030_acq-standard_dir-RL_dwi.nii.gz	n/a	n/a	n/a	2024-09-04 22:27:18.955000
2024-09-04	23:53:45.627500	sub-001/ses-21202034/func/sub-001_ses-21202034_task-rest_dir-LR_echo-1_part-mag_bold.nii.gz	n/a	n/a	n/a	2024-09-04 23:53:45.627500
2024-09-05	00:18:22.455000	sub-001/ses-21202034/dwi/sub-001_ses-21202034_acq-standard_dir-LR_dwi.nii.gz	n/a	n/a	n/a	2024-09-05 00:18:22.455000
2024-09-05	21:10:34.175000	sub-001/ses-21101060/func/sub-001_ses-21101060_task-rest_dir-RL_echo-1_part-mag_bold.nii.gz	n/a	n/a	n/a	2024-09-05 21:10:34.175000
2024-09-05	21:34:34.485000	sub-001/ses-21101060/dwi/sub-001_ses-21101060_acq-standard_dir-RL_dwi.nii.gz	n/a	n/a	n/a	2024-09-05 21:34:34.485000
2024-09-05	22:50:42.200000	sub-001/ses-21202060/func/sub-001_ses-21202060_task-rest_dir-AP_echo-1_part-mag_bold.nii.gz	n/a	n/a	n/a	2024-09-05 22:50:42.200000
2024-09-05	23:14:55.437500	sub-001/ses-21202060/dwi/sub-001_ses-21202060_acq-standard_dir-AP_dwi.nii.gz	n/a	n/a	n/a	2024-09-05 23:14:55.437500
2024-09-06	19:13:30.100000	sub-001/ses-21301030/dwi/sub-001_ses-21301030_acq-standard_dir-RL_dwi.nii.gz	n/a	n/a	n/a	2024-09-06 19:13:30.100000
